gene;gene_id
DHFRL1;ENSG00000178700
C16orf13;ENSG00000130731
MLLT4;ENSG00000130396
MIR1199;ENSG00000284081
FAM73B;ENSG00000148343
ADCK3;ENSG00000163050
CASC5;ENSG00000137812
AGAP14P;ENSG00000279058
LRRC16A;ENSG00000079691
CCDC67;ENSG00000165325
CCDC109B;ENSG00000005059
ANO7P1;ENSG00000237276
EBLN3;ENSG00000281649
C9orf91;ENSG00000157693
ADCK4;ENSG00000123815
ZSCAN5CP;ENSG00000204532
CCDC163P;ENSG00000280670
ATHL1;ENSG00000142102
CDK7PS;ENSG00000213194
KIAA0226L;ENSG00000102445
C9orf114;ENSG00000198917
KIAA1715;ENSG00000144320
FAM73A;ENSG00000180488 
MLLT4-AS1;ENSG00000198221
C7orf55;ENSG00000164898
TMEM30C;ENSG00000235156
ZNF724P;ENSG00000196081
ENSG00000281041;ENSG00000281041
ENSG00000281594;ENSG00000281594
ENSG00000221156;ENSG00000221156
ENSG00000278076;ENSG00000278076
ENSG00000264209;ENSG00000264209
ENSG00000252234;ENSG00000252234
ENSG00000281867;ENSG00000281867
ENSG00000279843;ENSG00000279843
ENSG00000281046;ENSG00000281046
ENSG00000274368;ENSG00000274368
ENSG00000264239;ENSG00000264239
ENSG00000221487;ENSG00000221487
ENSG00000277555;ENSG00000277555
ENSG00000281599;ENSG00000281599
ENSG00000230812;ENSG00000230812
ENSG00000221319;ENSG00000221319
ENSG00000265904;ENSG00000265904
ENSG00000264383;ENSG00000264383
ENSG00000280887;ENSG00000280887
ENSG00000216083;ENSG00000216083
ENSG00000211535;ENSG00000211535
ENSG00000266347;ENSG00000266347
ENSG00000252869;ENSG00000252869
ENSG00000274151;ENSG00000274151
ENSG00000222316;ENSG00000222316
ENSG00000265317;ENSG00000265317
ENSG00000280763;ENSG00000280763
ENSG00000223907;ENSG00000223907
ENSG00000281209;ENSG00000281209
ENSG00000216125;ENSG00000216125
ENSG00000264224;ENSG00000264224
ENSG00000280730;ENSG00000280730
ENSG00000281288;ENSG00000281288
ENSG00000205246;ENSG00000205246
ENSG00000274318;ENSG00000274318
ENSG00000279978;ENSG00000279978
ENSG00000273941;ENSG00000273941
ENSG00000266176;ENSG00000266176
ENSG00000263933;ENSG00000263933
ENSG00000263931;ENSG00000263931
ENSG00000266854;ENSG00000266854
ENSG00000274096;ENSG00000274096
ENSG00000273632;ENSG00000273632
ENSG00000276288;ENSG00000276288
ENSG00000239036;ENSG00000239036
ENSG00000271997;ENSG00000271997
ENSG00000223286;ENSG00000223286
ENSG00000222482;ENSG00000222482
ENSG00000222732;ENSG00000222732
ENSG00000281789;ENSG00000281789
ENSG00000273672;ENSG00000273672
ENSG00000280777;ENSG00000280777
ENSG00000263768;ENSG00000263768
ENSG00000252375;ENSG00000252375
ENSG00000281433;ENSG00000281433
ENSG00000281715;ENSG00000281715
ENSG00000252949;ENSG00000252949
ENSG00000264114;ENSG00000264114
ENSG00000278479;ENSG00000278479
ENSG00000265295;ENSG00000265295
ENSG00000265642;ENSG00000265642
ENSG00000220981;ENSG00000220981
ENSG00000220987;ENSG00000220987
ENSG00000221058;ENSG00000221058
ENSG00000221051;ENSG00000221051
ENSG00000255414;ENSG00000255414
ENSG00000281555;ENSG00000281555
ENSG00000278282;ENSG00000278282
ENSG00000252940;ENSG00000252940
ENSG00000233800;ENSG00000233800
ENSG00000252124;ENSG00000252124
ENSG00000231518;ENSG00000231518
ENSG00000238508;ENSG00000238508
ENSG00000264095;ENSG00000264095
ENSG00000264091;ENSG00000264091
ENSG00000275955;ENSG00000275955
ENSG00000277810;ENSG00000277810
ENSG00000277812;ENSG00000277812
ENSG00000281155;ENSG00000281155
ENSG00000276171;ENSG00000276171
ENSG00000266090;ENSG00000266090
ENSG00000276995;ENSG00000276995
ENSG00000276990;ENSG00000276990
ENSG00000264038;ENSG00000264038
ENSG00000278557;ENSG00000278557
ENSG00000264535;ENSG00000264535
ENSG00000266591;ENSG00000266591
ENSG00000276244;ENSG00000276244
ENSG00000277105;ENSG00000277105
ENSG00000264831;ENSG00000264831
ENSG00000277928;ENSG00000277928
ENSG00000231025;ENSG00000231025
ENSG00000271831;ENSG00000271831
ENSG00000280934;ENSG00000280934
ENSG00000266849;ENSG00000266849
ENSG00000265029;ENSG00000265029
ENSG00000281397;ENSG00000281397
ENSG00000281294;ENSG00000281294
ENSG00000274255;ENSG00000274255
ENSG00000265764;ENSG00000265764
ENSG00000263357;ENSG00000263357
ENSG00000274509;ENSG00000274509
ENSG00000221262;ENSG00000221262
ENSG00000238958;ENSG00000238958
ENSG00000281003;ENSG00000281003
ENSG00000266183;ENSG00000266183
ENSG00000266457;ENSG00000266457
ENSG00000221100;ENSG00000221100
ENSG00000278047;ENSG00000278047
ENSG00000280785;ENSG00000280785
ENSG00000237104;ENSG00000237104
ENSG00000264609;ENSG00000264609
ENSG00000224198;ENSG00000224198
ENSG00000280696;ENSG00000280696
ENSG00000269051;ENSG00000269051
ENSG00000229556;ENSG00000229556
ENSG00000281669;ENSG00000281669
ENSG00000264222;ENSG00000264222
ENSG00000264957;ENSG00000264957
ENSG00000243587;ENSG00000243587
ENSG00000222364;ENSG00000222364
ENSG00000264374;ENSG00000264374
ENSG00000275251;ENSG00000275251
ENSG00000223091;ENSG00000223091
ENSG00000264952;ENSG00000264952
ENSG00000278491;ENSG00000278491
ENSG00000263842;ENSG00000263842
ENSG00000221795;ENSG00000221795
ENSG00000238648;ENSG00000238648
ENSG00000238362;ENSG00000238362
ENSG00000238621;ENSG00000238621
ENSG00000216157;ENSG00000216157
ENSG00000280702;ENSG00000280702
ENSG00000278679;ENSG00000278679
ENSG00000264219;ENSG00000264219
ENSG00000266108;ENSG00000266108
ENSG00000263651;ENSG00000263651
ENSG00000280871;ENSG00000280871
ENSG00000280875;ENSG00000280875
ENSG00000271748;ENSG00000271748
ENSG00000266685;ENSG00000266685
ENSG00000281834;ENSG00000281834
ENSG00000281353;ENSG00000281353
ENSG00000255090;ENSG00000255090
ENSG00000207643;ENSG00000207643
ENSG00000275509;ENSG00000275509
ENSG00000269640;ENSG00000269640
ENSG00000265155;ENSG00000265155
ENSG00000265978;ENSG00000265978
ENSG00000223253;ENSG00000223253
ENSG00000279802;ENSG00000279802
ENSG00000237416;ENSG00000237416
ENSG00000280483;ENSG00000280483
ENSG00000267045;ENSG00000267045
ENSG00000274784;ENSG00000274784
ENSG00000248280;ENSG00000248280
ENSG00000250404;ENSG00000250404
ENSG00000264599;ENSG00000264599
ENSG00000265344;ENSG00000265344
ENSG00000264908;ENSG00000264908
ENSG00000279185;ENSG00000279185
ENSG00000281786;ENSG00000281786
ENSG00000252972;ENSG00000252972
ENSG00000265249;ENSG00000265249
ENSG00000266539;ENSG00000266539
ENSG00000277886;ENSG00000277886
ENSG00000280624;ENSG00000280624
ENSG00000264298;ENSG00000264298
ENSG00000266252;ENSG00000266252
ENSG00000258929;ENSG00000258929
ENSG00000265529;ENSG00000265529
ENSG00000264441;ENSG00000264441
ENSG00000278366;ENSG00000278366
ENSG00000264730;ENSG00000264730
ENSG00000263960;ENSG00000263960
ENSG00000273811;ENSG00000273811
ENSG00000221454;ENSG00000221454
ENSG00000265068;ENSG00000265068
ENSG00000265063;ENSG00000265063
ENSG00000281918;ENSG00000281918
ENSG00000264445;ENSG00000264445
ENSG00000280258;ENSG00000280258
ENSG00000257886;ENSG00000257886
ENSG00000277573;ENSG00000277573
ENSG00000266399;ENSG00000266399
ENSG00000281114;ENSG00000281114
ENSG00000225490;ENSG00000225490
ENSG00000276112;ENSG00000276112
ENSG00000264081;ENSG00000264081
ENSG00000278176;ENSG00000278176
ENSG00000276354;ENSG00000276354
ENSG00000264711;ENSG00000264711
ENSG00000276356;ENSG00000276356
ENSG00000235373;ENSG00000235373
ENSG00000265611;ENSG00000265611
ENSG00000276242;ENSG00000276242
ENSG00000278219;ENSG00000278219
ENSG00000222085;ENSG00000222085
ENSG00000267163;ENSG00000267163
ENSG00000263898;ENSG00000263898
ENSG00000263891;ENSG00000263891
ENSG00000223119;ENSG00000223119
ENSG00000274877;ENSG00000274877
ENSG00000280662;ENSG00000280662
ENSG00000281662;ENSG00000281662
ENSG00000221233;ENSG00000221233
ENSG00000278947;ENSG00000278947
ENSG00000225892;ENSG00000225892
ENSG00000274983;ENSG00000274983
ENSG00000275077;ENSG00000275077
ENSG00000223700;ENSG00000223700
ENSG00000276852;ENSG00000276852
ENSG00000238553;ENSG00000238553
ENSG00000265239;ENSG00000265239
ENSG00000222133;ENSG00000222133
ENSG00000263630;ENSG00000263630
ENSG00000216020;ENSG00000216020
ENSG00000211553;ENSG00000211553
ENSG00000232018;ENSG00000232018
ENSG00000238826;ENSG00000238826
ENSG00000238823;ENSG00000238823
ENSG00000273170;ENSG00000273170
ENSG00000274991;ENSG00000274991
ENSG00000274992;ENSG00000274992
ENSG00000226958;ENSG00000226958
ENSG00000264327;ENSG00000264327
ENSG00000251963;ENSG00000251963
ENSG00000232224;ENSG00000232224
ENSG00000277839;ENSG00000277839
ENSG00000263820;ENSG00000263820
ENSG00000273631;ENSG00000273631
ENSG00000222545;ENSG00000222545
ENSG00000266482;ENSG00000266482
ENSG00000212093;ENSG00000212093
ENSG00000263995;ENSG00000263995
ENSG00000263660;ENSG00000263660
ENSG00000221174;ENSG00000221174
ENSG00000281802;ENSG00000281802
ENSG00000279866;ENSG00000279866
ENSG00000274622;ENSG00000274622
ENSG00000274302;ENSG00000274302
ENSG00000276198;ENSG00000276198
ENSG00000273653;ENSG00000273653
ENSG00000275554;ENSG00000275554
ENSG00000231121;ENSG00000231121
ENSG00000221376;ENSG00000221376
ENSG00000273530;ENSG00000273530
ENSG00000273531;ENSG00000273531
ENSG00000264620;ENSG00000264620
ENSG00000238758;ENSG00000238758
ENSG00000281634;ENSG00000281634
ENSG00000281637;ENSG00000281637
ENSG00000212114;ENSG00000212114
ENSG00000266032;ENSG00000266032
ENSG00000222339;ENSG00000222339
ENSG00000223063;ENSG00000223063
ENSG00000277048;ENSG00000277048
ENSG00000269131;ENSG00000269131
ENSG00000281827;ENSG00000281827
ENSG00000280869;ENSG00000280869
ENSG00000265379;ENSG00000265379
ENSG00000274490;ENSG00000274490
ENSG00000221322;ENSG00000221322
ENSG00000266772;ENSG00000266772
ENSG00000266778;ENSG00000266778
ENSG00000222070;ENSG00000222070
ENSG00000216109;ENSG00000216109
ENSG00000276797;ENSG00000276797
ENSG00000276796;ENSG00000276796
ENSG00000281408;ENSG00000281408
ENSG00000221516;ENSG00000221516
ENSG00000265515;ENSG00000265515
ENSG00000265518;ENSG00000265518
ENSG00000266154;ENSG00000266154
ENSG00000250588;ENSG00000250588
ENSG00000239776;ENSG00000239776
ENSG00000263913;ENSG00000263913
ENSG00000221469;ENSG00000221469
ENSG00000221467;ENSG00000221467
ENSG00000280829;ENSG00000280829
ENSG00000221280;ENSG00000221280
ENSG00000266631;ENSG00000266631
ENSG00000266701;ENSG00000266701
ENSG00000277645;ENSG00000277645
ENSG00000281302;ENSG00000281302
ENSG00000281304;ENSG00000281304
ENSG00000278392;ENSG00000278392
ENSG00000235982;ENSG00000235982
ENSG00000238208;ENSG00000238208
ENSG00000266058;ENSG00000266058
ENSG00000281148;ENSG00000281148
ENSG00000281140;ENSG00000281140
ENSG00000281647;ENSG00000281647
ENSG00000221631;ENSG00000221631
ENSG00000281675;ENSG00000281675
ENSG00000230058;ENSG00000230058
ENSG00000281672;ENSG00000281672
ENSG00000204566;ENSG00000204566
ENSG00000264896;ENSG00000264896
ENSG00000281080;ENSG00000281080
ENSG00000280788;ENSG00000280788
ENSG00000265665;ENSG00000265665
ENSG00000276104;ENSG00000276104
ENSG00000263548;ENSG00000263548
ENSG00000263542;ENSG00000263542
ENSG00000216182;ENSG00000216182
ENSG00000261533;ENSG00000261533
ENSG00000264726;ENSG00000264726
ENSG00000275403;ENSG00000275403
ENSG00000221778;ENSG00000221778
ENSG00000221774;ENSG00000221774
ENSG00000281485;ENSG00000281485
ENSG00000244567;ENSG00000244567
ENSG00000240455;ENSG00000240455
ENSG00000279038;ENSG00000279038
ENSG00000274735;ENSG00000274735
ENSG00000242463;ENSG00000242463
ENSG00000265592;ENSG00000265592
ENSG00000264819;ENSG00000264819
ENSG00000222954;ENSG00000222954
ENSG00000240618;ENSG00000240618
ENSG00000281075;ENSG00000281075
ENSG00000274190;ENSG00000274190
ENSG00000281381;ENSG00000281381
ENSG00000280659;ENSG00000280659
ENSG00000279338;ENSG00000279338
ENSG00000277875;ENSG00000277875
ENSG00000276325;ENSG00000276325
ENSG00000248345;ENSG00000248345
ENSG00000273842;ENSG00000273842
ENSG00000173088;ENSG00000173088
ENSG00000280859;ENSG00000280859
ENSG00000261254;ENSG00000261254
ENSG00000221506;ENSG00000221506
ENSG00000281576;ENSG00000281576
ENSG00000265208;ENSG00000265208
ENSG00000278439;ENSG00000278439
ENSG00000265647;ENSG00000265647
ENSG00000278504;ENSG00000278504
ENSG00000216073;ENSG00000216073
ENSG00000277121;ENSG00000277121
ENSG00000277123;ENSG00000277123
ENSG00000264721;ENSG00000264721
ENSG00000259888;ENSG00000259888
ENSG00000264183;ENSG00000264183
ENSG00000281779;ENSG00000281779
ENSG00000280914;ENSG00000280914
ENSG00000280915;ENSG00000280915
ENSG00000201126;ENSG00000201126
ENSG00000265320;ENSG00000265320
ENSG00000276737;ENSG00000276737
ENSG00000274335;ENSG00000274335
ENSG00000212067;ENSG00000212067
ENSG00000221121;ENSG00000221121
ENSG00000267701;ENSG00000267701
ENSG00000263636;ENSG00000263636
ENSG00000259159;ENSG00000259159
ENSG00000275076;ENSG00000275076
ENSG00000278423;ENSG00000278423
ENSG00000278841;ENSG00000278841
ENSG00000272792;ENSG00000272792
ENSG00000236983;ENSG00000236983
ENSG00000273689;ENSG00000273689
ENSG00000278309;ENSG00000278309
ENSG00000243350;ENSG00000243350
ENSG00000264544;ENSG00000264544
ENSG00000265280;ENSG00000265280
ENSG00000221326;ENSG00000221326
ENSG00000221320;ENSG00000221320
ENSG00000251933;ENSG00000251933
ENSG00000274030;ENSG00000274030
ENSG00000273823;ENSG00000273823
ENSG00000237726;ENSG00000237726
ENSG00000281467;ENSG00000281467
ENSG00000257110;ENSG00000257110
ENSG00000264453;ENSG00000264453
ENSG00000264677;ENSG00000264677
ENSG00000280729;ENSG00000280729
ENSG00000280727;ENSG00000280727
ENSG00000276751;ENSG00000276751
ENSG00000200833;ENSG00000200833
ENSG00000275446;ENSG00000275446
ENSG00000281035;ENSG00000281035
ENSG00000221432;ENSG00000221432
ENSG00000281372;ENSG00000281372
ENSG00000226684;ENSG00000226684
ENSG00000236310;ENSG00000236310
ENSG00000222722;ENSG00000222722
ENSG00000238787;ENSG00000238787
ENSG00000266082;ENSG00000266082
ENSG00000280598;ENSG00000280598
ENSG00000274781;ENSG00000274781
ENSG00000221602;ENSG00000221602
ENSG00000242631;ENSG00000242631
ENSG00000266859;ENSG00000266859
ENSG00000273781;ENSG00000273781
ENSG00000278435;ENSG00000278435
ENSG00000221555;ENSG00000221555
ENSG00000276330;ENSG00000276330
ENSG00000221048;ENSG00000221048
ENSG00000263577;ENSG00000263577
ENSG00000238844;ENSG00000238844
ENSG00000277593;ENSG00000277593
ENSG00000265054;ENSG00000265054
ENSG00000280413;ENSG00000280413
ENSG00000252131;ENSG00000252131
ENSG00000265898;ENSG00000265898
ENSG00000258946;ENSG00000258946
ENSG00000263064;ENSG00000263064
ENSG00000275943;ENSG00000275943
ENSG00000265049;ENSG00000265049
ENSG00000278203;ENSG00000278203
ENSG00000260936;ENSG00000260936
ENSG00000280608;ENSG00000280608
ENSG00000276962;ENSG00000276962
ENSG00000273307;ENSG00000273307
ENSG00000280999;ENSG00000280999
ENSG00000277962;ENSG00000277962
ENSG00000275098;ENSG00000275098
ENSG00000274057;ENSG00000274057
ENSG00000239664;ENSG00000239664
ENSG00000280676;ENSG00000280676
ENSG00000264679;ENSG00000264679
ENSG00000265017;ENSG00000265017
ENSG00000264142;ENSG00000264142
ENSG00000249428;ENSG00000249428
ENSG00000265636;ENSG00000265636
ENSG00000265638;ENSG00000265638
ENSG00000211482;ENSG00000211482
ENSG00000281727;ENSG00000281727
ENSG00000221720;ENSG00000221720
ENSG00000277394;ENSG00000277394
ENSG00000281373;ENSG00000281373
ENSG00000276889;ENSG00000276889
ENSG00000221258;ENSG00000221258
ENSG00000280919;ENSG00000280919
ENSG00000212030;ENSG00000212030
ENSG00000281554;ENSG00000281554
ENSG00000221118;ENSG00000221118
ENSG00000207865;ENSG00000207865
ENSG00000265856;ENSG00000265856
ENSG00000228214;ENSG00000228214
ENSG00000280522;ENSG00000280522
ENSG00000280527;ENSG00000280527
ENSG00000211571;ENSG00000211571
ENSG00000276629;ENSG00000276629
ENSG00000274974;ENSG00000274974
ENSG00000251962;ENSG00000251962
ENSG00000275831;ENSG00000275831
ENSG00000274155;ENSG00000274155
ENSG00000275783;ENSG00000275783
ENSG00000263835;ENSG00000263835
ENSG00000215984;ENSG00000215984
ENSG00000216168;ENSG00000216168
ENSG00000216169;ENSG00000216169
ENSG00000277819;ENSG00000277819
ENSG00000273019;ENSG00000273019
ENSG00000264888;ENSG00000264888
ENSG00000275439;ENSG00000275439
ENSG00000266294;ENSG00000266294
ENSG00000221696;ENSG00000221696
ENSG00000266083;ENSG00000266083
ENSG00000281001;ENSG00000281001
ENSG00000280842;ENSG00000280842
ENSG00000251738;ENSG00000251738
ENSG00000281826;ENSG00000281826
ENSG00000274329;ENSG00000274329
ENSG00000281892;ENSG00000281892
ENSG00000275530;ENSG00000275530
ENSG00000231816;ENSG00000231816
ENSG00000281115;ENSG00000281115
ENSG00000221359;ENSG00000221359
ENSG00000253037;ENSG00000253037
ENSG00000266542;ENSG00000266542
ENSG00000267896;ENSG00000267896
ENSG00000223249;ENSG00000223249
ENSG00000279468;ENSG00000279468
ENSG00000275704;ENSG00000275704
ENSG00000221094;ENSG00000221094
ENSG00000263214;ENSG00000263214
ENSG00000267447;ENSG00000267447
ENSG00000251989;ENSG00000251989
ENSG00000278353;ENSG00000278353
ENSG00000279188;ENSG00000279188
ENSG00000281796;ENSG00000281796
ENSG00000281790;ENSG00000281790
ENSG00000252986;ENSG00000252986
ENSG00000281653;ENSG00000281653
ENSG00000265530;ENSG00000265530
ENSG00000280783;ENSG00000280783
ENSG00000281517;ENSG00000281517
ENSG00000276607;ENSG00000276607
ENSG00000216205;ENSG00000216205
ENSG00000281414;ENSG00000281414
ENSG00000228989;ENSG00000228989
ENSG00000281061;ENSG00000281061
ENSG00000280637;ENSG00000280637
ENSG00000277665;ENSG00000277665
ENSG00000278660;ENSG00000278660
ENSG00000260929;ENSG00000260929
ENSG00000277712;ENSG00000277712
ENSG00000263663;ENSG00000263663
ENSG00000273826;ENSG00000273826
ENSG00000275370;ENSG00000275370
ENSG00000266382;ENSG00000266382
ENSG00000281124;ENSG00000281124
ENSG00000226786;ENSG00000226786
ENSG00000281698;ENSG00000281698
ENSG00000252330;ENSG00000252330
ENSG00000266804;ENSG00000266804
ENSG00000277145;ENSG00000277145
ENSG00000207770;ENSG00000207770
ENSG00000265600;ENSG00000265600
ENSG00000235565;ENSG00000235565
ENSG00000223322;ENSG00000223322
ENSG00000275271;ENSG00000275271
ENSG00000215954;ENSG00000215954
ENSG00000254414;ENSG00000254414
ENSG00000225667;ENSG00000225667
ENSG00000241781;ENSG00000241781
ENSG00000279624;ENSG00000279624
ENSG00000270010;ENSG00000270010
ENSG00000269920;ENSG00000269920
ENSG00000221220;ENSG00000221220
ENSG00000280804;ENSG00000280804
ENSG00000238997;ENSG00000238997
ENSG00000221530;ENSG00000221530
ENSG00000203589;ENSG00000203589
ENSG00000168260;ENSG00000168260
ENSG00000252150;ENSG00000252150
ENSG00000274804;ENSG00000274804
ENSG00000278832;ENSG00000278832
ENSG00000224849;ENSG00000224849
ENSG00000221523;ENSG00000221523
ENSG00000221521;ENSG00000221521
ENSG00000221389;ENSG00000221389
ENSG00000222121;ENSG00000222121
ENSG00000226598;ENSG00000226598
ENSG00000264878;ENSG00000264878
ENSG00000237647;ENSG00000237647
ENSG00000265720;ENSG00000265720
ENSG00000265722;ENSG00000265722
ENSG00000270097;ENSG00000270097
ENSG00000234113;ENSG00000234113
ENSG00000271876;ENSG00000271876
ENSG00000281130;ENSG00000281130
ENSG00000222570;ENSG00000222570
ENSG00000280328;ENSG00000280328
ENSG00000276558;ENSG00000276558
ENSG00000266493;ENSG00000266493
ENSG00000266491;ENSG00000266491
ENSG00000212089;ENSG00000212089
ENSG00000221142;ENSG00000221142
ENSG00000231459;ENSG00000231459
ENSG00000275114;ENSG00000275114
ENSG00000237857;ENSG00000237857
ENSG00000275899;ENSG00000275899
ENSG00000265891;ENSG00000265891
ENSG00000276883;ENSG00000276883
ENSG00000252309;ENSG00000252309
ENSG00000221309;ENSG00000221309
ENSG00000223214;ENSG00000223214
ENSG00000280992;ENSG00000280992
ENSG00000281621;ENSG00000281621
ENSG00000280573;ENSG00000280573
ENSG00000277348;ENSG00000277348
ENSG00000223052;ENSG00000223052
ENSG00000222080;ENSG00000222080
ENSG00000238952;ENSG00000238952
ENSG00000274483;ENSG00000274483
ENSG00000266769;ENSG00000266769
ENSG00000237404;ENSG00000237404
ENSG00000280743;ENSG00000280743
ENSG00000252896;ENSG00000252896
ENSG00000281025;ENSG00000281025
ENSG00000265562;ENSG00000265562
ENSG00000266143;ENSG00000266143
ENSG00000267230;ENSG00000267230
ENSG00000263691;ENSG00000263691
ENSG00000221419;ENSG00000221419
ENSG00000221413;ENSG00000221413
ENSG00000278792;ENSG00000278792
ENSG00000199187;ENSG00000199187
ENSG00000281319;ENSG00000281319
ENSG00000281318;ENSG00000281318
ENSG00000201227;ENSG00000201227
ENSG00000278639;ENSG00000278639
ENSG00000234252;ENSG00000234252
ENSG00000188206;ENSG00000188206
ENSG00000265672;ENSG00000265672
ENSG00000212044;ENSG00000212044
ENSG00000260841;ENSG00000260841
ENSG00000266209;ENSG00000266209
ENSG00000263713;ENSG00000263713
ENSG00000221629;ENSG00000221629
ENSG00000274188;ENSG00000274188
ENSG00000270879;ENSG00000270879
ENSG00000207720;ENSG00000207720
ENSG00000264496;ENSG00000264496
ENSG00000265654;ENSG00000265654
ENSG00000262601;ENSG00000262601
ENSG00000265650;ENSG00000265650
ENSG00000236066;ENSG00000236066
ENSG00000221020;ENSG00000221020
ENSG00000238861;ENSG00000238861
ENSG00000269545;ENSG00000269545
ENSG00000275682;ENSG00000275682
ENSG00000278244;ENSG00000278244
ENSG00000280988;ENSG00000280988
ENSG00000280981;ENSG00000280981
ENSG00000280985;ENSG00000280985
ENSG00000276574;ENSG00000276574
ENSG00000237815;ENSG00000237815
ENSG00000265875;ENSG00000265875
ENSG00000277765;ENSG00000277765
ENSG00000264085;ENSG00000264085
ENSG00000261567;ENSG00000261567
ENSG00000264950;ENSG00000264950
ENSG00000278405;ENSG00000278405
ENSG00000227136;ENSG00000227136
ENSG00000278321;ENSG00000278321
ENSG00000281724;ENSG00000281724
ENSG00000280667;ENSG00000280667
ENSG00000275261;ENSG00000275261
ENSG00000276987;ENSG00000276987
ENSG00000276989;ENSG00000276989
ENSG00000252702;ENSG00000252702
ENSG00000274358;ENSG00000274358
ENSG00000273857;ENSG00000273857
ENSG00000224871;ENSG00000224871
ENSG00000266020;ENSG00000266020
ENSG00000221767;ENSG00000221767
ENSG00000280753;ENSG00000280753
ENSG00000216067;ENSG00000216067
ENSG00000277116;ENSG00000277116
ENSG00000279424;ENSG00000279424
ENSG00000278772;ENSG00000278772
ENSG00000277934;ENSG00000277934
ENSG00000263497;ENSG00000263497
ENSG00000269202;ENSG00000269202
ENSG00000237485;ENSG00000237485
ENSG00000281745;ENSG00000281745
ENSG00000215925;ENSG00000215925
ENSG00000280901;ENSG00000280901
ENSG00000265152;ENSG00000265152
ENSG00000234536;ENSG00000234536
ENSG00000241774;ENSG00000241774
ENSG00000264009;ENSG00000264009
ENSG00000277877;ENSG00000277877
ENSG00000280860;ENSG00000280860
ENSG00000221272;ENSG00000221272
ENSG00000222884;ENSG00000222884
ENSG00000280370;ENSG00000280370
ENSG00000221132;ENSG00000221132
ENSG00000221135;ENSG00000221135
ENSG00000277843;ENSG00000277843
ENSG00000265589;ENSG00000265589
ENSG00000271905;ENSG00000271905
ENSG00000278882;ENSG00000278882
ENSG00000273690;ENSG00000273690
ENSG00000221338;ENSG00000221338
ENSG00000278375;ENSG00000278375
ENSG00000280509;ENSG00000280509
ENSG00000253082;ENSG00000253082
ENSG00000276893;ENSG00000276893
ENSG00000277312;ENSG00000277312
ENSG00000269936;ENSG00000269936
ENSG00000266156;ENSG00000266156
ENSG00000263853;ENSG00000263853
ENSG00000263855;ENSG00000263855
ENSG00000221789;ENSG00000221789
ENSG00000265339;ENSG00000265339
ENSG00000251927;ENSG00000251927
ENSG00000281776;ENSG00000281776
ENSG00000280102;ENSG00000280102
ENSG00000273924;ENSG00000273924
ENSG00000273926;ENSG00000273926
ENSG00000265550;ENSG00000265550
ENSG00000221424;ENSG00000221424
ENSG00000221429;ENSG00000221429
ENSG00000280863;ENSG00000280863
ENSG00000251713;ENSG00000251713
ENSG00000281346;ENSG00000281346
ENSG00000255080;ENSG00000255080
ENSG00000273615;ENSG00000273615
ENSG00000260636;ENSG00000260636
ENSG00000274648;ENSG00000274648
ENSG00000263422;ENSG00000263422
ENSG00000264173;ENSG00000264173
ENSG00000278453;ENSG00000278453
ENSG00000260872;ENSG00000260872
ENSG00000280588;ENSG00000280588
ENSG00000271721;ENSG00000271721
ENSG00000280643;ENSG00000280643
ENSG00000281570;ENSG00000281570
ENSG00000231363;ENSG00000231363
ENSG00000280816;ENSG00000280816
ENSG00000275727;ENSG00000275727
ENSG00000221070;ENSG00000221070
ENSG00000213971;ENSG00000213971
ENSG00000264918;ENSG00000264918
ENSG00000276381;ENSG00000276381
ENSG00000278597;ENSG00000278597
ENSG00000252146;ENSG00000252146
ENSG00000215996;ENSG00000215996
ENSG00000219448;ENSG00000219448
ENSG00000264288;ENSG00000264288
ENSG00000264284;ENSG00000264284
ENSG00000222235;ENSG00000222235
ENSG00000275104;ENSG00000275104
ENSG00000221799;ENSG00000221799
ENSG00000271745;ENSG00000271745
ENSG00000275686;ENSG00000275686
ENSG00000275684;ENSG00000275684
ENSG00000275685;ENSG00000275685
ENSG00000269948;ENSG00000269948
ENSG00000278136;ENSG00000278136
ENSG00000280615;ENSG00000280615
ENSG00000278512;ENSG00000278512
ENSG00000225261;ENSG00000225261
ENSG00000268549;ENSG00000268549
ENSG00000279893;ENSG00000279893
ENSG00000231709;ENSG00000231709
ENSG00000278354;ENSG00000278354
ENSG00000275258;ENSG00000275258
ENSG00000264641;ENSG00000264641
ENSG00000264642;ENSG00000264642
ENSG00000264510;ENSG00000264510
ENSG00000281866;ENSG00000281866
ENSG00000276694;ENSG00000276694
ENSG00000277021;ENSG00000277021
ENSG00000254142;ENSG00000254142
ENSG00000265621;ENSG00000265621
ENSG00000263504;ENSG00000263504
ENSG00000264991;ENSG00000264991
ENSG00000211499;ENSG00000211499
ENSG00000215976;ENSG00000215976
ENSG00000215972;ENSG00000215972
ENSG00000155640;ENSG00000155640
ENSG00000276024;ENSG00000276024
ENSG00000280111;ENSG00000280111
ENSG00000264724;ENSG00000264724
ENSG00000274277;ENSG00000274277
ENSG00000233501;ENSG00000233501
ENSG00000238976;ENSG00000238976
ENSG00000221247;ENSG00000221247
ENSG00000221246;ENSG00000221246
ENSG00000228389;ENSG00000228389
ENSG00000254640;ENSG00000254640
ENSG00000264953;ENSG00000264953
ENSG00000214733;ENSG00000214733
ENSG00000275100;ENSG00000275100
ENSG00000222586;ENSG00000222586
ENSG00000272659;ENSG00000272659
ENSG00000265042;ENSG00000265042
ENSG00000254967;ENSG00000254967
ENSG00000265324;ENSG00000265324
ENSG00000211562;ENSG00000211562
ENSG00000279252;ENSG00000279252
ENSG00000266543;ENSG00000266543
ENSG00000266547;ENSG00000266547
ENSG00000266355;ENSG00000266355
ENSG00000265461;ENSG00000265461
ENSG00000261550;ENSG00000261550
ENSG00000263827;ENSG00000263827
ENSG00000280950;ENSG00000280950
ENSG00000280954;ENSG00000280954
ENSG00000255322;ENSG00000255322
ENSG00000274555;ENSG00000274555
ENSG00000274550;ENSG00000274550
ENSG00000266671;ENSG00000266671
ENSG00000264899;ENSG00000264899
ENSG00000281070;ENSG00000281070
ENSG00000263985;ENSG00000263985
ENSG00000263980;ENSG00000263980
ENSG00000278185;ENSG00000278185
ENSG00000266912;ENSG00000266912
ENSG00000276305;ENSG00000276305
ENSG00000281685;ENSG00000281685
ENSG00000281684;ENSG00000281684
ENSG00000276236;ENSG00000276236
ENSG00000281681;ENSG00000281681
ENSG00000231865;ENSG00000231865
ENSG00000263475;ENSG00000263475
ENSG00000263470;ENSG00000263470
ENSG00000266429;ENSG00000266429
ENSG00000258882;ENSG00000258882
ENSG00000275849;ENSG00000275849
ENSG00000252817;ENSG00000252817
ENSG00000212101;ENSG00000212101
ENSG00000281551;ENSG00000281551
ENSG00000281600;ENSG00000281600
ENSG00000254761;ENSG00000254761
ENSG00000274366;ENSG00000274366
ENSG00000221087;ENSG00000221087
ENSG00000278350;ENSG00000278350
ENSG00000239373;ENSG00000239373
ENSG00000238604;ENSG00000238604
ENSG00000264135;ENSG00000264135
ENSG00000281443;ENSG00000281443
ENSG00000207491;ENSG00000207491
ENSG00000281445;ENSG00000281445
ENSG00000264671;ENSG00000264671
ENSG00000281444;ENSG00000281444
ENSG00000281350;ENSG00000281350
ENSG00000207895;ENSG00000207895
ENSG00000224956;ENSG00000224956
ENSG00000221473;ENSG00000221473
ENSG00000259264;ENSG00000259264
ENSG00000221299;ENSG00000221299
ENSG00000221297;ENSG00000221297
ENSG00000266621;ENSG00000266621
ENSG00000239160;ENSG00000239160
ENSG00000276108;ENSG00000276108
ENSG00000232372;ENSG00000232372
ENSG00000276924;ENSG00000276924
ENSG00000280605;ENSG00000280605
ENSG00000278509;ENSG00000278509
ENSG00000280567;ENSG00000280567
ENSG00000239353;ENSG00000239353
ENSG00000266044;ENSG00000266044
ENSG00000266047;ENSG00000266047
ENSG00000281488;ENSG00000281488
ENSG00000280747;ENSG00000280747
ENSG00000280746;ENSG00000280746
ENSG00000263473;ENSG00000263473
ENSG00000221344;ENSG00000221344
ENSG00000265679;ENSG00000265679
ENSG00000274426;ENSG00000274426
ENSG00000263539;ENSG00000263539
ENSG00000280458;ENSG00000280458
ENSG00000266239;ENSG00000266239
ENSG00000215946;ENSG00000215946
ENSG00000277201;ENSG00000277201
ENSG00000281201;ENSG00000281201
ENSG00000281108;ENSG00000281108
ENSG00000272511;ENSG00000272511
ENSG00000264062;ENSG00000264062
ENSG00000227116;ENSG00000227116
ENSG00000266269;ENSG00000266269
ENSG00000222894;ENSG00000222894
ENSG00000275149;ENSG00000275149
ENSG00000280391;ENSG00000280391
ENSG00000280644;ENSG00000280644
ENSG00000265736;ENSG00000265736
ENSG00000249911;ENSG00000249911
ENSG00000278820;ENSG00000278820
ENSG00000266825;ENSG00000266825
ENSG00000229729;ENSG00000229729
ENSG00000221535;ENSG00000221535
ENSG00000265216;ENSG00000265216
ENSG00000265212;ENSG00000265212
ENSG00000221392;ENSG00000221392
ENSG00000263759;ENSG00000263759
ENSG00000263365;ENSG00000263365
ENSG00000276621;ENSG00000276621
ENSG00000258838;ENSG00000258838
ENSG00000269227;ENSG00000269227
ENSG00000264855;ENSG00000264855
ENSG00000273774;ENSG00000273774
ENSG00000265087;ENSG00000265087
ENSG00000264134;ENSG00000264134
ENSG00000236198;ENSG00000236198
ENSG00000280834;ENSG00000280834
